id,text,language,filename,type,genre,date_from,date_to,century,support,document,localisation,source,filename_xml,observations,text_id,bibliography,corpus_name,num_tokens,completness
1,Do Dia do Juízo,portugais,diajuizo_s15.txt,translation,didactique et spiritualité,1431,1446,15th century,manuscript,"Lisboa, Biblioteca Nacional de Lisboa, Alc. 462,",ff. 167v-169v,https://teitok.clul.ul.pt/teitok/cta/index.php?action=file&cid=M1143T1121.xml&pageid=e-2&pbtype=chapter,diadojuizo.xml,,"Manid 1143, cnum 1083 Texid 1121",,cta,1384.0,multi-fragment
2,Do Inferno,portugais,doinferno.txt,translation,didactique et spiritualité,1431,1446,15th century,manuscript,"Lisboa, Biblioteca Nacional de Lisboa, Alc. 462",ff. 167v-169v,https://teitok.clul.ul.pt/teitok/cta/index.php?action=file&id=M1143T1122.xml,doinferno_s15.xml,,"Manid 1143, cnum 1084 Texid 1122",,cta,1012.0,multi-fragment
3,Flos Sanctorum,portugais,flos_sanctorum_s14-15.txt,translation,hagiographie,1380,1425,14th to 15th century,manuscript,manuscrit disparu,,https://teitok.clul.ul.pt/teitok/cta/index.php?action=file&id=M1567T1416.xml,flossanctorum_s15-15.xml,Disparu,"BITAGAP	Manid 1567; Texid 1416, 1573, 1574, 1575, 1576, 1577; cnum 2038, 2355, 2356, 2357, 2358, 2359","Um códice português da Legenda aurea (Fragmento duma versão inédita do sec. XII). Autor: VIEGAS, Arthur Editora: Papelaria e Tipografia José Soares & Irmão, 1916",cta,3349.0,multi-fragment
4,História de mui nobre Vespasiano,portugais,vespasiano_1496.txt,translation,roman chevalerie,1496,1496,15th century,incunable,"Lisboa, Biblioteca Nacional de Portugal, Inc. 571",ff. 4r-43v,https://teitok.clul.ul.pt/teitok/cta/index.php?action=file&id=M1008T1008.xml,vespasiano_1496.xml,https://purl.pt/22002,"	Manid 1008, cnum 1008, Texid 1008",,cta,18977.0,multi-fragment
5,Horto do Esposo ,portugais,,original redaction,didactique et spiritualité,1390,1437,14th to 15th century,manuscript,"Lisboa, Biblioteca Nacional de Portugal, Alc.198",ff. 1r-155r,https://teitok.clul.ul.pt/teitok/cta/index.php?action=file&id=M1114T1082.xml,ortodoesposoA_13-15.xml,ms. A,"Manid 1114 Texid 1082, cnum 1486","Martina Modena, 2016, Horto do Esposo. Edizione critica elettronica. 
https://br.doczz.net/doc/139643/horto-do-esposo.-edizione-critica-elettronica",cta,154694.0,multi-fragment
6,Orto do Esposo ,portugais,,original redaction,didactique et spiritualité,1391,1450,14th to 15th century,fragment,"Lisboa, Arquivo Nacional Torre do Tombo. Fragmentos, Caixa 21, n.26 (Casa Forte) .| Lorvão,  Livro 10, fl. 13r. Fragmentos, Caixa 21, n.23a (Casa Forte)",,https://teitok.clul.ul.pt/teitok/cta/index.php?action=file&id=M3397T1082.xml,ortodoesposoD-E-C_14-15.xml,(D-E-C),"Manid 3527-3530-3397, cnum-19618-19616-19211, Texid 1082",,cta,2665.0,multi-fragment
7,Livro dos Mártires,portugais,,translation,hagiographie,1513,1513,16th century,incunable," Vila Viçosa, Biblioteca do Paço Ducal, Livro nº 36.",,https://teitok.clul.ul.pt/teitok/cta/index.php?action=file&id=2265.xml,livrodosmartires_s14.xml,,BITAGAP Manid 1028 cnum 2265 Texid 1032,,cta,252718.0,multi-fragment
8,Memorial da Infanta Santa Joana,portugais,,original redaction,hagiographie,1525,1525,16th century,incunable,"Aveiro, Biblioteca do Museu de Aveiro, MS. 1 ",ff. 48a-110b,https://teitok.clul.ul.pt/teitok/cta/index.php?action=file&id=M1093T6287.xml,memorialssantajoana_1525.xml,,"BITAGAP Manid 1093, cnum 11505, Texid 6287",,cta,51596.0,multi-fragment
9,O quicunque vult per linguajem,portugais,quicunquevult _s15.txt,translation,didactique et spiritualité,1431,1446,15th century,manuscript,"Lisboa, Biblioteca Nacional de Lisboa, Alc. 462",ff. 170r-171r ,https://teitok.clul.ul.pt/teitok/cta/index.php?action=file&id=M1143T1108.xml,quinquevultlinguajem_s15.xml,,"Manid 1143, cnum 1085 Texid 1108",,cta,780.0,multi-fragment
10,Dez Mandamentos da Ley de Moisés,portugais,,translation,didactique et spiritualité,1431,1445,15th century,manuscript,"Lisboa, Biblioteca Nacional de Lisboa, Alc. 462,",ff. 83r-89r,https://teitok.clul.ul.pt/teitok/cta/index.php?action=file&id=M1143T1117.xml,10mandamentos_s15.xml,,"Manid 1143, cnum 1075 Texid 1117",,cta,3700.0,multi-fragment
11,Regimento proveitoso contra a pestenença,portugais,Regimentoproueytoso_1496.txt,translation,didactique et spiritualité,1496,1496,15th century,incunable,"Évora, Biblioteca Pública de Évora, Inc.210.",,https://teitok.clul.ul.pt/teitok/cta/index.php?action=file&id=M1009T1009.xml,regimentocontrapestenenca_1496.xml,,"Manid 1009, cnum 1009 Texid 1009",,cta,3939.0,multi-fragment
12,Trasladação de S. Nicolau,portugais,,translation,hagiographie,1301,1400,14th century,manuscript,"Lisboa, IAN/Torre do Tombo, Fragmentos, Caixa 21, n. 1 [Casa Forte]",,https://teitok.clul.ul.pt/teitok/cta/index.php?action=file&id=M1148T1290.xml,trasladacaonicolau_s14.xml,,"Manid 1148, cnum 1894, Texid 1290",,cta,2033.0,multi-fragment
13,Vida de Santa Eufrosina,portugais,,translation,hagiographie,1431,1446,15th century,manuscript,"Lisboa, Biblioteca Nacional de Portugal, Alc. 462",ff. 42v-50v,https://teitok.clul.ul.pt/teitok/cta/index.php?action=file&id=M1143T1086.xml,vidasteufrosina_s15.xml,,"Manid 1143, cnum 1070, Texid 1086",,cta,4625.0,multi-fragment
14,Vida de Santa Maria Egipcíaca (V),portugais,Vida_Santa_Maria_Egipcíaca_(V).txt,translation,hagiographie,1275,1325,13th to 14th century,manuscript,"Lisboa, Biblioteca Nacional de Portugal, Alc. 462,",ff. 50v-66r,https://teitok.clul.ul.pt/teitok/cta/index.php?action=file&id=M1143T1087.xml,vidastmariaegipciaca-V_s.13-14.xml,,"Manid 1143, cnum 1071, Texid 1087",,cta,876.0,multi-fragment
15,Vida de Santa Maria Egipcíaca (W),portugais,,translation,hagiographie,1275,1325,13th to 14th century,manuscript,"Lisboa, Biblioteca Nacional de Portugal, Alc. 461",ff. 116r-133v,https://teitok.clul.ul.pt/teitok/cta/index.php?action=file&id=M1141T1087.xml,visastmariaegipciaca-W_s13-14.xml,,"Manid 1141, cnum 1111, Texid 1087",,cta,9351.0,multi-fragment
16,Vida de Santa Mónica,portugais,,translation,hagiographie,1510,1510,16th century,manuscript,"Lisboa, Biblioteca Nacional de Portugal, Ms. Il.219",ff. 102v-104r,https://teitok.clul.ul.pt/teitok/cta/index.php?action=file&id=M1899.xml,visdastmonica_1510.xml,,"Manid 1899, cnum 34297, Texid 17502",,cta,1761.0,multi-fragment
17,Vida de Santo Agostinho,portugais,,translation,hagiographie,1480,1510,15th to 16th century,manuscript,"Aveiro, Biblioteca do Museu de Aveiro, MS. 3 [34/CD]",ff. 113-153v.,https://teitok.clul.ul.pt/teitok/cta/index.php?action=file&id=M1092T1403.xml,vidastagostinho_s15.xml,,"Manid 1092, cnum 2173, Texid 1403",,cta,19285.0,multi-fragment
18,Vida de Santo Aleixo Confessor,portugais,,translation,hagiographie,1416,1416,15th century,manuscript,"Lisboa, Biblioteca Nacional de Portugal, Alc. 181",ff.  fls. 153r-157r,https://teitok.clul.ul.pt/teitok/cta/index.php?action=file&id=M1094T1983.xml,vidastaleixo_1416.xml,,"Manid 1094, cnum 1095, Texid 1083",,cta,3447.0,multi-fragment
19,Vida de Santo Elói,portugais,,translation,hagiographie,1491,1491,15th century,manuscript,"Lisboa, Biblioteca Nacional de Portugal, Colecção Pombalina: PBA. 746",ff. [1]-34,https://teitok.clul.ul.pt/teitok/cta/index.php?action=file&id=M1040T1090.xml,vidasteloi_s1491.xml,,"Manid 1040, cnum 1689, Texid 1090"," Hincker (1900), “A Lenda de Santo Eloy. Estudo crítico de um manuscripto, do século XV, da Collecção Pombalina, existente sob o n.o 746 na Bibliotheca Nacional de Lisboa, e pela primeira vez publicado”, O Instituto 47:118-23, 182-89, 246-51, 308-18, 632-37 ",cta,14962.0,multi-fragment
20,Vida de São João Clímaco,portugais,,translation,hagiographie,1430,1500,15th century,manuscript,"Lisboa, Biblioteca Nacional de Portugal, Alc. 213",ff. 122-125,https://teitok.clul.ul.pt/teitok/cta/index.php?action=file&id=M1029T1181.xml,vidasjoaoclimaco_s14-15.xml,,"Manid 1029, cnum 1477, Texid 1181",,cta,3082.0,multi-fragment
21,Vida de Tarsis,portugais,,translation,hagiographie,1431,1445,15th century,manuscript,"Lisboa, Biblioteca Nacional de Portugal, Alc. 462",ff. 66r-67v,https://teitok.clul.ul.pt/teitok/cta/index.php?action=file&id=M1143T1084.xml,vidatarsis_s14-15.xml,,"Manid 1143, cnum 1072, Texid 1084",,cta,731.0,multi-fragment
22,Vida de um monge de Roma,portugais,,translation,hagiographie,1475,1475,15th century,manuscript,"Lisboa, Biblioteca Nacional de Portugal, Alc. 461",ff. 114r-116r,https://teitok.clul.ul.pt/teitok/cta/index.php?action=file&id=M1141T1104.xml,vidamongeroma_s15.xml,,"Manid 1141, cnum 1103, Texid 1104",,cta,1361.0,multi-fragment
23,Vida de uma santa monja,portugais,vidasantamonja.txt,translation,hagiographie,1431,1446,15th century,manuscript,"LIsboa, Biblioteca Nacional de Portugal, Alc. 462",ff.  73r-74v,https://teitok.clul.ul.pt/teitok/cta/index.php?action=file&id=M1143T1103.xml,vidasantamonja_s15.xml,,"Manid 1143, cnum 1086, Texid 1103",,cta,878.0,multi-fragment
24,Vida do Cativo Monge Confesso,portugais,,translation,hagiographie,1416,1416,15th century,manuscript,"Lisboa, Biblioteca Nacional de Portugal, Alc. 181",ff. 157v-161v.,https://teitok.clul.ul.pt/teitok/cta/index.php?action=file&id=M1094T1078.xml,vidacativomongeconfesso_1416.xml,"Tradução do latim: S.Jerónimo, De Malcho Captivo Monacho","Manid 1094, cnum 1096, Texid 1078",,cta,2615.0,multi-fragment
25,Vida do Duque Antíoco,portugais,,translation,hagiographie,1475,1500,15th century,manuscript,"Lisboa, Biblioteca Nacional de Portugal, Alc. 461",ff. 107r-113v,https://teitok.clul.ul.pt/teitok/cta/index.php?action=file&id=M1141T1080.xml,vidaantioco_s15.xml,tradução da Vita Anthioci abbatis,"Manid 1141, cnum 1102, Texid 1080",,cta,4057.0,multi-fragment
26,Vita Christi (M) ,portugais,vitachristiM_s15.txt,translation,spiritualité,1401,1500,15th century,manuscript,"Lisboa, Museu Nacional de Arqueologia do Dr. Leite de Vasconcelos, Ms/P/IL,cx. 4/p. 6/fr. 1 [capa] | Número de Registo (BMNARQ) - 16988",,https://teitok.clul.ul.pt/teitok/cta/index.php?action=file&id=M6673T1005.xml,vitachristi-M_s15.xml,Tradução do Latim: Vita Domini Nostri Jesu Christi ex quatuor evangeliis (Mogúncia 1348 – 1368),"Manid 6673, cnum 38420, Texid 1005"," Nascimento, Aires A., 2001, «A Vita Christi de Ludolfo de Saxónia, em português: percursos da tradução e seu presumível responsável», Euphrosyne, 29, 125-142.
http://dx.doi.org/10.1484/J.EUPHR.5.125502",cta,2478.0,multi-fragment
27,"Vida do honrado Infante Josafat, filho d’el Rei Avenir",portugais,VidaInfanteJosafa_s14.txt,translation,hagiographie,1431,1446,15th century,manuscript,"Lisboa, Biblioteca Nacional de Portugal, Alc . 462",ff. 1r-42r,https://teitok.clul.ul.pt/teitok/cta/index.php?action=file&id=M1143T1056.xml,infantejosafat_s15.xml,Tradução do texto latino De Gestis Barlaam et Josaphat,"Manid 1143, cnum 1063, Texid 1056",,cta,25174.0,multi-fragment
28,Visão de Túndalo (V),portugais,visao_tundalo_V.txt,translation,littérature de spiritualité (visionnaire),1431,1446,15th century,manuscript,"Lisboa, Biblioteca Nacional de Lisboa, Alc. 462,",ff.  124r-136r,https://teitok.clul.ul.pt/teitok/cta/index.php?action=file&id=M1143T1067.xml,visaotundalo_s15.xml,,"Manid 1143, cnum 1079 Texid 1067",,cta,7316.0,multi-fragment
29,Notícia de Torto,portugais,noticiatorto_s13.txt,original redaction,texte non littéraire - notícia,1214,1216,13th century,manuscript,"Lisboa: Arquivo Nacional da Torre do Tombo, Ordem de São Bento, Mosteiro do Salvador de Vairão, mç. 2, doc. 40 [Casa Forte] ",f. 1r-1v,https://cipm.fcsh.unl.pt/corpus/texto.jsp?t=e&id=1133,,,"BITAGAP texid 6064,  manid 1917","De noticia de torto: aspectos paleográficos e scriptográficos e 
edição do mais antigo documento particular português 
conhecido”, Zeitschrift für romanische Philologie 120/1: 1‐85 — 
em colaboração com Susana Tavares Pedro.
",cipm,828.0,multi-fragment
30,Testamento de D. Afonso II: Ms L,portugais,testamentoafonsoII-L_1214.txt,original redaction,texte non littéraire - testament,1214,1214,13th century,manuscript,"LIsboa,  Torre do Tombo, Mitra Arquiepiscopal de Braga, mç. 1, n.º 48",,https://cipm.fcsh.unl.pt/corpus/texto.jsp?t=e&id=1130,,https://digitarq.arquivos.pt/details?id=1437285,,,cipm,1494.0,multi-fragment
31, Testamento de D. Afonso II (T),portugais,testamentoafonsoII-T_1214.txxt,original redaction,texte non littéraire - testament,1214,1214,13th century,manuscript,,,https://cipm.fcsh.unl.pt/corpus/edicao.jsp?id=1128,,"Trancricao a partir de :
https://dl.uc.pt/explore?bitstream_id=12209453&handle=10316.2/46611&provider=iiif-image#?c=0&m=0&s=0&cv=1&xywh=0%2C-962%2C3993%2C4687",,"A partir de COSTA, Pe. Avelino Jesus (1979), ""Os mais antigos documentos escritos em português"", Revista Portuguesa de História, XVII, pp. 307 - 321.",cipm,1505.0,multi-fragment
32,Arte de Trovar,portugais,artetrovar_s14.txt,original redaction,traité de littérature,1301,1400,14th century,manuscript,,,https://cipm.fcsh.unl.pt/corpus/texto.jsp?t=d&id=19440,,"- The first text we find in Cancioneiro da Biblioteca Nacional is a short treatise in prose, of unknown authorship, about Galician-Portuguese art. Usually called ""Arte de Trovar"" (art of trobar""), it briefly summarizes the poetics of the troubadours, by defining genres and rules that troubadours and minstrels should follow.
https://cantigas.fcsh.unl.pt/artedetrovar.asp?ling=eng

- comentario e copia digitalizada em :
https://cantigas.fcsh.unl.pt/artedetrovar.asp?ling=eng",,,cipm,1920.0,multi-fragment
33,Livro da Corte Imperial ,portugais,corteimperial_s14.txt,original redaction,littérature apologétique,1301,1400,14th century,manuscript,"Porto, Biblioteca Publica Municipal nº 803", ff. 1-125 ,https://cipm.fcsh.unl.pt/corpus/texto.jsp?t=e&id=1343,,,,"Pereira de Sampaio, José (1910), Collecção de manuscriptos ineditos agora dados á estampa: O Livro da Corte Imperial. Porto, Typ. Progresso.

De Almeida Calado, Adelino (2000), Corte Enperial. Ediçao interpretativa de Adelino de Almeida Calado. Aveiro, Universidade de Aveiro.",cipm,111660.0,multi-fragment
34, Crónica Geral de Espanha,portugais,cronicageralespanha_s14.txt,translation,chronique,1301,1400,14th century,manuscript,"Lisboa, Academia da Ciências,  (M.S.A. 1)",,https://cipm.fcsh.unl.pt/corpus/texto.jsp?t=e&id=1059,,,,"CINTRA, Luís Filipe Lindley (ed.) (1951) Crónica Geral de Espanha de 1344, Lisboa, I.N.C.M.",cipm,434395.0,multi-fragment
35,Livro de Montaria,portugais,livromontaria_s14.txt,original redaction, traité de chasse ,1357,1433,14th to 15th century,manuscript,"Lisboa, Biblioteca Nacional de Portugal, COD. 4352",ff. 1-134,https://cipm.fcsh.unl.pt/corpus/texto.jsp?t=d&id=21683,,,"BITAGAP texid 1097, cnum 1132,  manid 1061",https://ap1.sib.uc.pt/explore?bitstream_id=7549006&handle=10316.2/2769&provider=iiif-image#?c=0&m=0&s=0&cv=10&xywh=16%2C505%2C3191%2C1897,cipm,129852.0,multi-fragment
36,Crónica de Dom João I (1a parte),portugais,cronicad.joaoI_1parte_s15.txt,original redaction,chronique,1401,1500,15th century,manuscript,"Lisboa, Torre do Tombo",,https://cipm.fcsh.unl.pt/corpus/edicao.jsp?id=1293,,"doc. digitalizado
https://digitarq.arquivos.pt/viewer?id=4162610",,"Fernão Lopes, Crónica de D. João I, Porto, Livraria Civilização
Editora, 1945, vol. I (segundo o códice nº 352 do Arquivo Nacional da Torre do Tombo).
",cipm,,
37,Crónica de Dom João (2a parte),portugais,cronicad.joaoI_2parte_s15.txt,original redaction,chronique,1401,1500,15th century,manuscript,,,https://cipm.fcsh.unl.pt/corpus/texto.jsp?t=e&id=1295,,"1a parte
https://digitarq.arquivos.pt/viewer?id=4493784
2a parte
https://digitarq.arquivos.pt/viewer?id=4493786",,,cipm,182324.0,multi-fragment
38,Leal conselheiro,portugais,lealconselheiro_atecap23.txt,original redaction,traité de philosophie morale,1433,1438,15th century,manuscript,"Paris, BNF,, portugais 5",ff. 3r-96r,https://cipm.fcsh.unl.pt/corpus/index.jsp,,https://archivesetmanuscrits.bnf.fr/ark:/12148/cc351855,"BITAGAP texid 1094,  cnum 1118,  manid 1154",,cipm,21399.0,multi-fragment
39,Demanda do Santo Graal,portugais,graal.txt,translation,roman chevalerie,1401,1500,15th century,manuscript,"Wienn, Nationalbibliothek, ms. 2594",ff.: 208,https://cipm.fcsh.unl.pt/corpus/texto.jsp?t=d&id=19242,,"digit
https://digital.onb.ac.at/RepViewer/viewer.faces?doc=DTL_5407414&order=1&view=SINGLE","BITAGAP texid 1070, cnum 1811, manid 1149",,cipm,224395.0,multi-fragment
40,Livro da Ensinança de Bem Cavalgar Toda Sela ,portugais,livroensinancabemcavalgar_s15.txt,original redaction,traité d'équitation,1433,1438,15th century,manuscript,"Paris, BNF, portugais 5",F. 99-128,https://cipm.fcsh.unl.pt/corpus/texto.jsp?t=d&id=16355,,https://archivesetmanuscrits.bnf.fr/ark:/12148/cc351855,"BITAGAP texid 1095,  cnum 1119,  manid 1154","Joseph Maria Piel, 1944, Livro da Ensinança de Bem Cavalgar Toda Sela que fez El Rey dom Eduarte. Edição crítica acompanhada de notas e dum glossário",cipm,39727.0,multi-fragment
41, Carta do Achamento  ,portugais,Pero_Vaz_de_Caminha-Carta_(ed_paleogr fica).txt,original redaction,lettre,1500,1500,15th century,manuscript,"Lisboa, Torre do Tombo, Gavetas, Gav. 15, mç. 8, n.º 2",,https://cipm.fcsh.unl.pt/corpus/texto.jsp?t=e&id=1192,,"dig
https://antt.dglab.gov.pt/wp-content/uploads/sites/17/2010/11/Carta-de-Pero-Vaz-de-Caminha-transcricao.pdf",BITAGAP texid 1156,,,7720.0,multi-fragment
42,Castelo perigroso,portugais,castelopreigroso_s15.txt,translation,texte religieux,1401,1500,15th century,manuscript,"Lisboa, BNP, Codices Alcobacenses, CCLXXV/214,",100ff.,https://cipm.fcsh.unl.pt/corpus/texto.jsp?t=t&id=23808,,"traduction de ""Le Chastel Perilleux""",BITAGAP,"Castelo perigoso, ed. crítica de Elsa Maria Branco da Silva, Lisboa, Colibri (Obras clássicas da literatura portuguesa, 124), 2001, 339 p.",cipm,8513.0,multi-fragment
43,Tratado de Confissom,portugais,tratadoconfissom_1489.txt,original redaction,traité religieux,1489,1489,15th century,incunable,"Lisboa, Biblioteca Nacional de Portugal, Inc. 1484 ",ff. 1r-30r,https://cipm.fcsh.unl.pt/corpus/texto.jsp?t=d&id=21749,,,BITAGAP texid 1002,,cipm,27616.0,multi-fragment
44,Livro das Tres Vertudes,portugais,livrodastresvertudes_s15.txt,translation,traité sur l'éducation,1428,1455,15th century,,"  Madrid, Biblioteca nacional de España, 11515",ff. 1r-97v,https://cipm.fcsh.unl.pt/corpus/texto.jsp?t=d&id=21684,,"traduction de  Trois vertus Christine de Pizan

dig
https://purl.pt/15289",BITAGAP texid 1026,O livro das tres vertudes : a insinança das damas / Christine de Pizan ; ed. crítica de Maria de Lourdes Crispim,cipm,26160.0,multi-fragment
46,Chronica do muito alto e muito esclarecido principe D. Affonso Henriques primeiro Rey de Portugal,portugais,cronicaafonsohenriques_s15.txt,original redaction,chronique,1400,1449,14th to 15th century,manuscript,"Lisboa, Torre do tombo, Armário 11 da Casa da Coroa",,https://www.tycho.iel.unicamp.br/corpus/cgi-bin/getversion.pl,,"dig
https://digitarq.arquivos.pt/viewer?id=4162607",,,tycho,55705.0,multi-fragment
47,benet holmet,anglais,,original redaction,charte,1275,1299,13th century,manuscript,"London, British Library, Cotton Galba E ii",,http://amc.ppls.ed.ac.uk/laeme/doc.html?doc=benetholmet,benetholmet.xml,,,,LAEME,167.0,multi-fragment
48,credo,anglais,,translation,texte religieux,1200,1224,12th to 13th century,,"Private: Blickling Hall, Norfolk 6864",Fol. 35r,http://amc.ppls.ed.ac.uk/laeme/doc.html?doc=blicklingt,blicklingt.xml,,,,LAEME,99.0,multi-fragment
49,Cartulary of the Benedictine Abbey at Chertsey.,anglais,,original redaction,texte non littéraire,1200,1550,12th to 16th century,," London, British Library, Cotton Vitellius A xiii",,http://amc.ppls.ed.ac.uk/laeme/doc.html?doc=chertseyt,chertseyt.xml,,,,LAEME,681.0,multi-fragment
50,Ancrene Riwle,anglais,,original redaction,texte religieux,1225,1249,13th century,manuscript,"London, British Library, Cotton Cleopatra C vi, entry 1",,http://amc.ppls.ed.ac.uk/laeme/doc.html?doc=cleoarat,cleoarat.xml,,,,LAEME,13397.0,multi-fragment
51,De porcaria conjuratione,latin,alberti_deporcaria.txt,original redaction,lettre,1400,1500,14th to 15th century,,,,http://www.bibliotecaitaliana.it/testo/bibit000530,alberti_deporcaria.xml,,,,Biblioteca italiana,2454.0,multi-fragment
52,Ecatonfilea,italien,alberti_ecatonfilea.txt,original redaction,roman allégorique,1400,1500,14th to 15th century,manuscript,,,http://www.bibliotecaitaliana.it/testo/bibit001155,alberti_ecatonfilea.xml,,,"Benedetti, Samantha <1992> , Edizione critica e commentata dell'Ecatonfilea di Leon Battista Alberti
 http://hdl.handle.net/10579/17909 ",Biblioteca italiana,8242.0,multi-fragment
53,Profugiorum ab aerumna libri III,italien,alberti_profugiorum.txt,original redaction,dialogue,1400,1499,14th to 15th century,,,,http://www.bibliotecaitaliana.it/scheda/bibit000536,alberti_profugiorum.xml,,,,Biblioteca italiana,28172.0,multi-fragment
54,Novelle porretane,italien,arienti_novelle.txt,original redaction,nouvelle,1400,1500,14th to 15th century,,,,http://www.bibliotecaitaliana.it/testo/bibit000917,arienti_novelle.xml,,,,Biblioteca italiana,131259.0,multi-fragment
56,Amadís de Gaula ,castillan,amadis_1539.txt,original redaction,roman chevalerie,1539,1539,16th century,print,"Bogotá, Biblioteca Nacional de Colombia, Cuervo 3196 Transcribed by Steven R. Fondow",,https://textred.spanport.wisc.edu/chivalric/textsoriginal/ama-text.txt,,,,,Corpus of Hispanic Chivalric Romances,505663.0,multi-fragment
57, La vida e hystoria del rey Apolonio ,castillan,Apolonio_1488.txt,translation,roman chevalerie,1498,1498,15th century,print,"New York, Hispanic Society of America",,https://textred.spanport.wisc.edu/chivalric/textsoriginal/hrt-text.txt.TXT,,,,,Corpus of Hispanic Chivalric Romances,13755.0,multi-fragment
58,Cuento de Tristán de Leonis,castillan,cuento_tristan_vat.txt,translation,roman chevalerie,1375,1399,14th century,manuscript,"Rome, Vatican, 6428",,Corpus of Hispanic Chivalric Romances,,,,"I. Corfis, El Cuento de Tristan de Leonis, Tirant 16 (2013) 
https://parnaseo.uv.es/tirant/butlleti.16/corfis.pdf",Corpus of Hispanic Chivalric Romances,110225.0,multi-fragment
59,La demanda del Sancto Grial con los maravillosos fechos de Lançarote y de Galaz su hijo. El primero libro. El baladro del famosíssimo profecta & nigromante Merlín con sus profecías,castillan,grial_1535.txt,translation,roman chevalerie,1535,1535,16th century,print,"London, British Library, G.10241",,https://textred.spanport.wisc.edu/chivalric/textsoriginal/dsg-text.txt,,,,,Corpus of Hispanic Chivalric Romances,166145.0,multi-fragment
60, El segundo y tercero libro de don Lançarote del Lago,castillan,lancarote_ms9611.txt,translation,roman chevalerie,1414,1414,15th century,manuscript,"Madrid, Biblioteca Nacional de España, MS 9611",,https://textred.spanport.wisc.edu/chivalric/textsoriginal/lnz-text.txt,,"temoin du 16e, 1414 date colophon

digi
https://bdh.bne.es/bnesearch/detalle/bdh0000068589","PhiloBiblon, BETA manid 1400",,Corpus of Hispanic Chivalric Romances,254240.0,multi-fragment
61, Historia de la linda Melosina,castillan,melosin_1489.txt,translation,roman chevalerie,1489,1489,15th century,incunable,"New York, Hispanic Society of America",,https://textred.spanport.wisc.edu/chivalric/textsoriginal/mel-text.txt,,,Comedic CMDC253,"La historia de la Linda Melosina : edición y estudio de los textos españoles
https://docta.ucm.es/entities/publication/be7c56b1-d776-4038-be0d-0306210d82ca",Corpus of Hispanic Chivalric Romances,108236.0,multi-fragment
62, Baladro del sabio Merlín con sus profecías,castillan,merlin_1498.txt,translation,roman chevalerie,1498,1498,15th century,incunable,"Oviedo, Biblioteca Universitaria, R. 33215",,https://textred.spanport.wisc.edu/chivalric/textsoriginal/bmp-text.txt,,,,,Corpus of Hispanic Chivalric Romances,134215.0,multi-fragment
63,Primaleón,castillan,primaleon_1512.txt,original redaction,roman chevalerie,1512,1512,16th century,print,"Cambridge, Cambridge University Library, F.151.b88",,https://textred.spanport.wisc.edu/chivalric/textsoriginal/prm-text.txt,,,,,Corpus of Hispanic Chivalric Romances,399372.0,multi-fragment
64,Libro de don Tristán de Leonís,castillan,tristan_1501.txt,translation,roman chevalerie,1501,1501,16th century,print,Londres. BL: C.20.d.24 ,,https://textred.spanport.wisc.edu/chivalric/textsoriginal/tri-text.txt,,,"Philobiblon BETA texid 1277, manid 4153",,Corpus of Hispanic Chivalric Romances,114048.0,multi-fragment
65,La estoria del noble Vaspasiano,castillan,Vaspasiano_1499.txt,translation,roman chevalerie,1491,1494,15th century,incunable,"London, British Library, IA.53510",,https://textred.spanport.wisc.edu/chivalric/textsoriginal/vas-text.txt,,,comedic CMDC61,,Corpus of Hispanic Chivalric Romances,19479.0,multi-fragment
66,Mandato de Alfonso X,castillan,plaintext(22).txt,original redaction,texte non littéraire,1271,1271,13th century,manuscript,"Archivo de la Catedral de Cuenca, I, caja 8, nº 12",,https://corpora.uah.es/charta/index.php?action=file&id=CODCAR-0320.xml,CODCAR-0320.xml,,,,Charta,130.0,multi-fragment
67,"Fernando IV autoriza el cambio que hace Blanca,",castillan,plaintext(23).txt,original redaction,texte non littéraire,1305,1305,14th century,manuscript,"Archivo de la Catedral de Cuenca, I, caja 12, nº 15",,https://corpora.uah.es/charta/index.php?action=file&id=CODCAR-0724.xml,CODCAR-0724.xml,,,,charta,343.0,multi-fragment
68,Il romanzo arturiano,francais,dapisa_ilromanzoarturiano.txt,original redaction,roman chevalerie,1272,1298,13th century,manuscript,,,http://www.bibliotecaitaliana.it/testo/bibit001187,dapisa_ilromanzoarturiano.xml,,,"Il romanzo di Rusticello da Pisa, edizione critica, traduzione e commento a cura di Fabrizio Cigni, premessa di Valeria Bertolucci Pizzorusso, Pisa, Pacini, 1994.",Biblioteca italiana,119526.0,multi-fragment
69,Li Dialoge Gregoire lo Pape,francais,DialGreg1.txt,translation,didactique,1200,1225,12th to 13th century,manuscript,,,https://gitlab.huma-num.fr/bfm/bfm-textes-diffusion/-/blob/main/TXT/RecMedJute.txt?ref_type=heads,DialGreg1.xml,,,,BFM,15248.0,multi-fragment
70, Elucidaire ,francais,Elucidaireiii.txt,translation,dialogue,1201,1201,13th century,manuscript,,,https://gitlab.huma-num.fr/bfm/bfm-textes-diffusion/-/blob/main/TXT/Elucidaireiii.txt?ref_type=heads,Elucidaireiii.xml,,,,BFM,24805.0,multi-fragment
71,Continuation de Guillaume de Tyr,francais,conttyr_a.txt,original redaction,chronique,1280,1280,13th century,manuscript,,,https://gitlab.huma-num.fr/bfm/bfm-textes-diffusion/-/blob/main/TXT/conttyr_a.txt?ref_type=heads,conttyr_a.xml,,,,BFM,22920.0,multi-fragment
72,Conquête de Constantinople ,francais,villehardouin1.txt,original redaction,chronique,1350,1399,14th century,manuscript,,,https://gitlab.huma-num.fr/bfm/bfm-textes-diffusion/-/blob/main/TXT/villehardouin1.txt?ref_type=heads,villehardouin1.xml,,,,BFM,18218.0,multi-fragment
73,Vie de saint Eustache,francais,SEustPr1.txt,original redaction,hagiographie,1200,1250,12th to 13th century,manuscript,,,https://gitlab.huma-num.fr/bfm/bfm-textes-diffusion/-/blob/main/TXT/SEustPr1.txt?ref_type=heads,SEustPr1.xml,,,,BFM,7198.0,multi-fragment
74,Queste del saint Graal,francais,qgraal_cm.txt,original redaction,roman chevalerie,1200,1250,12th to 13th century,manuscript,,,https://gitlab.huma-num.fr/bfm/bfm-textes-diffusion/-/blob/main/TXT/SEustPr1.txt?ref_type=heads,qgraal_cm.xml,,,,BFM,114055.0,multi-fragment
75,Suite du roman de Merlin,francais,merlin_suite_litt.xml,original redaction,roman chevalerie,1300,1325,13th to 14th century,manuscript,,,https://gitlab.huma-num.fr/bfm/bfm-textes-diffusion/-/blob/main/TXT/merlin_suite_litt.txt?ref_type=heads,merlin_suite_litt.xml,,,,BFM,6199583.0,multi-fragment
76,Vie de saint Lambert,francais,SLambert.txt,translation,hagiographie,1240,1255,13th century,manuscript,,,https://gitlab.huma-num.fr/bfm/bfm-textes-diffusion/-/blob/main/TXT/SLambert.txt?ref_type=heads,SLambert.xml,,,,BFM,5676.0,multi-fragment
77,Vie de saint Lambert,francais,SLambert.txt,translation,hagiographie,1240,1255,13th century,,,,https://gitlab.huma-num.fr/bfm/bfm-textes-diffusion/-/blob/main/TXT/SLambert.txt?ref_type=heads,SLambert.xml,,,,BFM,5676.0,multi-fragment
78,Image du monde,francais,ImMondePrK.txt,adaptation,didactique,1315,1315,14th century,manuscript,,,https://gitlab.huma-num.fr/bfm/bfm-textes-diffusion/-/blob/main/TXT/ImMondePrK.txt?ref_type=heads,ImMondePrK.xml,,,,BFM,48634.0,
79, Lettre à Nicolas Arrode de Jean Sarrasin,francais,,original redaction,lettre,1325,1350,14th century,,,,https://gitlab.huma-num.fr/bfm/bfm-textes-diffusion/-/blob/main/TXT/sarrasin.txt?ref_type=heads,sarrasin.xml,,,,BFM,2620.0,
80,L'ornement des dames,francais,,original redaction,didactique,1250,1299,13th century,manuscript," Oxford, Bodleian Ashmole 1470 ",,https://gitlab.huma-num.fr/bfm/bfm-textes-diffusion/-/blob/main/TXT/OrnDamesR.txt?ref_type=heads,OrnDamesR.xml,,,,BFM,4734.0,
81,Chartes de l'Aube,francais,chartes_aube13.txt,original redaction,charte,1230,1270,13th century,,,,https://gitlab.huma-num.fr/bfm/bfm-textes-diffusion/-/blob/main/TXT/chartes_aube13.txt?ref_type=heads,chartes_aube13.xml,,,,BFM,4024.0,
82,Chartes du Hainaut ,francais,chartes_hain13.txt,original redaction,charte,1230,1270,13th century,manuscript,,,https://gitlab.huma-num.fr/bfm/bfm-textes-diffusion/-/blob/main/TXT/chartes_hain13.txt?ref_type=heads,chartes_hain13.xml,,,,BFM,9298.0,
83,Récit d'un ménestrel de Reims,francais,menreims.txt,original redaction,chronique,1275,1299,13th century,manuscript," Londres, BL, Add. 11753 ",,https://gitlab.huma-num.fr/bfm/bfm-textes-diffusion/-/blob/main/TXT/menreims.txt?ref_type=heads,menreims.xml,,,,BFM,47416.0,
84,Tristan en prose,francais,trispr.txt,original redaction,roman chevalerie,1300,1302,13th to 14th century,manuscript,Wien 2542 ,,https://gitlab.huma-num.fr/bfm/bfm-textes-diffusion/-/blob/main/TXT/trispr.txt?ref_type=heads,trispr.xml,,,,BFM,73684.0,
85, Légende de sainte Bathilde,francais,SBath4.txt,translation,hagiographie,1402,1402,15th century,manuscript," Paris, BnF, fr. 242 ",,https://gitlab.huma-num.fr/bfm/bfm-textes-diffusion/-/blob/main/TXT/SBath4.txt?ref_type=heads,SBath4.xml,,,,BFM,671.0,
86, Légende de sainte Bathilde,francais,SBath3.txt,original redaction,hagiographie,1417,1417,15th century,manuscript,,,https://gitlab.huma-num.fr/bfm/bfm-textes-diffusion/-/blob/main/TXT/SBath3.txt?ref_type=heads,SBath3.xml,"(Version III) édité par Anders Bengtsson, Lund, 1996. ",,,BFM,1077.0,
87,Grandes chroniques de France,francais,grchron1.txt,translation,chronique,1275,1280,13th century,manuscript,"Paris, Sainte-Geneviève, 782 ",,https://gitlab.huma-num.fr/bfm/bfm-textes-diffusion/-/blob/main/TXT/grchron1.txt?ref_type=heads,grchron1.xml,,,,BFM,18548.0,
88,Chronique de Morée,francais,moree.txt,original redaction,chronique,1400,1410,14th to 15th century,manuscript,"Bruxelles, Bibl. roy., 15702 ",,https://gitlab.huma-num.fr/bfm/bfm-textes-diffusion/-/blob/main/TXT/moree.txt?ref_type=heads,moree.xml,,,,BFM,94903.0,
89,Plaids de la sergenterie de Mortemer,francais,plaidsmortemer.txt,original redaction,texte non littéraire,1320,1321,14th century,manuscript," Rouen, BM,  (anc. Lecorbeiller, 1030, mm. 96), copie du ms. original ",,https://gitlab.huma-num.fr/bfm/bfm-textes-diffusion/-/blob/main/TXT/plaidsmortemer.txt?ref_type=heads,plaidsmortemer.xml,,,,BFM,10593.0,
90,Chace que font li home as oisiaus. ,francais,ChaceOisiiT.txt,translation,traité de chasse,1470,1470,15th century,manuscript," Paris, BnF, fr. 1296 ",,https://gitlab.huma-num.fr/bfm/bfm-textes-diffusion/-/blob/main/TXT/ChaceOisiiT.txt?ref_type=heads,ChaceOisiiT.xml,,,,BFM,53992.0,
91,General estoria,castillan,generalestoria.txt,original redaction,chronique,1270,1284,13th century,manuscript,,,https://ota.bodleian.ox.ac.uk/repository/xmlui/bitstream/handle/20.500.12024/0384/zestoria-0384.txt?sequence=4&isAllowed=y,generalestoria.xml,,,,OTA,577620.0,
92,Paston letters and papers of the fifteenth century ,anglais,,original redaction,lettre,1425,1503,15th to 16th century,manuscript,,,https://ota.bodleian.ox.ac.uk/repository/xmlui/handle/20.500.12024/1685,pastonletters.xml,,,,OTA,0.0,
94,Roman de Berimus,francais,Berin1.txt,original redaction,roman,1430,1450,15th century,manuscript," Paris, BnF, fr. 777 ",,https://gitlab.huma-num.fr/bfm/bfm-textes-diffusion/-/blob/main/TXT/Berin1.txt?ref_type=heads,Berin1.xml,,https://arlima.net/no/4413,,BFM,100066.0,
95,Mélusine,francais,melusine.txt,original redaction,roman,1400,1425,14th to 15th century,manuscript," Paris, Arsenal, 3353 ",,https://gitlab.huma-num.fr/bfm/bfm-textes-diffusion/-/blob/main/TXT/melusine.txt?ref_type=heads,melusine.xml,, https://arlima.net/no/2522,,BFM,119410.0,
96,Theogenius ,italien,Alberti_theogenius_s15.txt,original redaction,dialogue,1300,1400,13th to 14th century,manuscript,,,http://www.bibliotecaitaliana.it/scheda/bibit000517,alberti_theogenius.xml,,,,,18459.0,
97,Vita nuova ,italien,Alighieri_vitanuova.txt,original redaction,roman,1292,1300,13th century,manuscript,,,http://www.bibliotecaitaliana.it/scheda/bibit000520,alighieri_vitanuova.xml,,,,Biblioteca italiana,18349.0,
98,Decameron,italien,boccaccio_decameron.txt,original redaction,nouvelle,1350,1400,14th century,manuscript,,,http://www.bibliotecaitaliana.it/testo/bibit000267,boccaccio_decameron.xml,,,,Biblioteca italiana,264819.0,
99,Filocolo,italien,boccacio_filocolo.txt,original redaction,roman,1335,1400,14th century,manuscript,,,http://www.bibliotecaitaliana.it/testo/bibit000042,boccaccio_filocolo.xml,,,,Biblioteca italiana,212454.0,
100,Il manuale di mercatura di Saminiato de' Ricci,italien,,original redaction,didactique,1396,1399,14th century,manuscript,,,http://www.bibliotecaitaliana.it/scheda/bibit001600,borlandi_manuale.xml,,,,Biblioteca italiana,6556.0,
101,Dialogo de la partita soa,italien,carbone_Dialogo.txt,original redaction,dialogue,1466,1499,15th century,manuscript,,,http://www.bibliotecaitaliana.it/testo/bibit000736,carbone_Dialogo.xml,,,,Biblioteca italiana,4432.0,
102,Cronica,italien,,original redaction,chronique,1300,1398,13th to 14th century,manuscript,,,http://www.bibliotecaitaliana.it/testo/bibit000140,compagni_cronica.xml,,,,Biblioteca italiana,34619.0,
103,Corbaccio,italien,,original redaction,roman allégorique,1354,1370,14th century,manuscript,,,http://www.bibliotecaitaliana.it/scheda/bibit000039,bocaccio_corbaccio.xml,,,,Biblioteca italiana,28587.0,
104,Cronica deli Imperadori ,italien,,original redaction,chronique,1301,1301,14th century,manuscript,,,http://www.bibliotecaitaliana.it/scheda/bibit000477,cronicadeliimperadori.xml,,,,Biblioteca italiana,25782.0,
105,Esopo veneto ,italien,esopoveneto.txt,original redaction,didactique,1300,1399,13th to 14th century,,,,http://www.bibliotecaitaliana.it/scheda/bibit000976,esopoveneto.xml,,,,Biblioteca italiana,27103.0,
106,Fioretti di San Francesco ,italien,fiorettisanfranacesco.txt,original redaction,hagiographie,1369,1399,14th century,,,,http://www.bibliotecaitaliana.it/scheda/bibit001452,fiorettisanfrancesco.xml,,,,Biblioteca italiana,39382.0,
107,Libro de’ Vizî e delle Virtudi,italien,Giamboni_librvizi.txt,original redaction,dialogue,1200,1299,12th to 13th century,,,,https://liberliber.it/autori/autori-g/bono-giamboni/libro-de-vizi-e-delle-virtudi/,,,,,,33189.0,
108,Nuova cronica ,italien,giovanni_nuovacronica.txt,original redaction,chronique,1300,1399,13th to 14th century,,,,http://www.bibliotecaitaliana.it/scheda/bibit000293,giovanni_nuovacronic.xml,,,,Biblioteca italiana,481183.0,
109,Volgarizzamento del Liber de doctrina loquendi et tacendi di Albertano da Brescia ,italien,grosseto_volgarizzamento_s13.txt,,traité de philosophie morale,1268,1299,13th century,,,,http://www.bibliotecaitaliana.it/scheda/bibit000642,grosseto_volgarizzamento_s13.xml,,,,Biblioteca italiana,8273.0,
110,Gynevera de le clare donne ,italien,Gyneveradonne_arienti.txt,original redaction,didactique,1492,1499,15th century,,,,http://www.bibliotecaitaliana.it/scheda/bibit001389,Gynevera-donne.xml,,,,Biblioteca italiana,60621.0,
111,Il Libro di messer Tristano (Tristano Veneto) ,italien,illibrodelmessertristano.txt,,,1300,1399,13th to 14th century,,,,http://www.bibliotecaitaliana.it/scheda/bibit000362,illibrodelmessertristano.txt,,,,Biblioteca italiana,253853.0,
112,Legenda de Misier Sento Alban ,italien,,translation,hagiographie,1300,1399,13th to 14th century,,,,http://www.bibliotecaitaliana.it/scheda/bibit001310,legendasentoalban.xml,,,,Biblioteca italiana,3932.0,
113,Novella di Belfagor ,italien,machiavelli_belfagor.txt,original redaction,nouvelle,1549,1550,16th century,,,,http://www.bibliotecaitaliana.it/scheda/bibit000555,machiavelli_belfagor.xml,,,,Biblioteca italiana,3329.0,
114,Navigazioni e viaggi ,italien,ramusio_navigazioni.txt,original redaction,,1550,1550,16th century,,,,http://www.bibliotecaitaliana.it/scheda/bibit001323,ramusio_navigazioni.xml,,,,Biblioteca italiana,2079934.0,
115,Prologo alla Moscheta,italien,"Ruzante, Prologo alla Moscheta.txt",original redaction,,1527,1550,16th century,,ms. Vr. Civica 1636,,https://www.ilpavano.it/public/testo/testo/codice/RUZANTE|moschetaV|001,,,,,Archivio digitale veneto,1196.0,
116,Il Trecentonovelle ,italien,sacchetti_trecentonovelle.txt,,,1300,1399,13th to 14th century,,,,http://www.bibliotecaitaliana.it/scheda/bibit000161,sacchetti_trecentonovelle.xml,,,,Biblioteca italiana,187468.0,
117,Bulla canonizationis Sanctae Clarae Assisiensis,latin,[Alexander IV] - Bulla canonizationis Sanctae Clarae Assisiensis.txt,original redaction,hagiographie,1200,1299,12th to 13th century,,,,http://www.alim.dfll.univr.it/alim/letteratura.nsf/(cercaVolumi)/ACC8623954F0B8C5C1256B8B00392E18?OpenDocument,,,,,ALIM,1840.0,
118,Chronicon Marchiae Tarvisinae et Lombardiae ,latin,Anonimo - Chronicon marchiae Tarvisinae et Lombardiae.txt,,chronique,1200,1299,12th to 13th century,,,,http://www.alim.dfll.univr.it/alim/letteratura.nsf/(volumiID)/A1C5BBE5E6DB0D2CC1256D6900344D8B!opendocument&vs=Periodo,Chronicon marchiae Tarvisinae et Lombardiae.xml,,,,ALIM,22209.0,
119,  Alphonsi regis triumphus,latin,,original redaction,chronique,1400,1499,14th to 15th century,,,,http://www.bibliotecaitaliana.it/scheda/bibit001050,Beccadelli_alphonsiregis.xml,,,,Biblioteca italiana,1981.0,
120,Cedrus,latin,Boncompagnus de Signa - Cedrus.txt,,traité de littérature,1200,1299,12th to 13th century,,,,http://www.alim.dfll.univr.it/alim/letteratura.nsf/(volumiID)/839C2DB02E5A70DCC1257ED3004BCED1!opendocument&vs=Periodo,Cedrus.xml,,,,ALIM,12829.0,
121,Cedrus Libani,latin,Bonus Lucensis - Cedrus Libani.txt,,traité de littérature,1201,1300,13th century,,,,http://www.alim.dfll.univr.it/alim/letteratura.nsf/(volumiID)/421283C143706EC7C1256D57007A702A!opendocument&vs=Periodo,Cedrus Libani.xml,,,,ALIM,9445.0,
122,Benedictio ,latin,Clara Assisiensis - Benedictio.txt,,texte religieux,1201,1300,13th century,,,,http://alim.dfll.univr.it/alim/letteratura.nsf/(cercaVolumi)/6AD7AB444A4DDE40C1256B8B0038B842?OpenDocument,Benedictio.xml,,,,ALIM,259.0,
123,Henry VII of England - correspondance,latin,CorrespondenceHenryVII_1504.txt,,lettre,1457,1509,15th to 16th century,,,,https://www.thelatinlibrary.com/henry1.html,,,,,The latin library,3241.0,
124,Annalium Philippi Crassuli de rebus Tarentinis,latin,Crassullus Angelus (Philippus) - Annalium Philippi Crassuli de rebus Tarentinis.txt,,chronique,1401,1500,15th century,,,,http://www.alim.dfll.univr.it/alim/letteratura.nsf/(volumiID)/373DCCA1B877F073C1256F990056FDF7!opendocument&vs=Titolo,,,,,ALIM,3619.0,
125,Philobiblon,latin,de Bury_ Philobiblon_13-14s.txt,original redaction,traité de littérature,1345,1400,14th century,,,,https://thelatinlibrary.com/debury.html,,,,,The latin library,14955.0,
126,Foedus Aeternum Fratrum,latin,foedusaeternumfratrum_1291.txt,original redaction,charte,1291,1291,13th century,,,,https://thelatinlibrary.com/foedusaeternum.html,,,,,The latin library,487.0,
127,Gesta romanorum,latin,GestaRomanorum_13-14s.txt,,didactique et spiritualité,1290,1315,13th to 14th century,,,,https://thelatinlibrary.com/gestarom.shtml,,,,,The latin library,15776.0,
128,Chronica,latin,Gothofredus de Bussero - Chronica.txt,original redaction,chronique,1201,1300,13th century,,,,http://www.alim.dfll.univr.it/alim/letteratura.nsf/(volumiID)/3E44BA7D713A801DC1256C43005165B5!opendocument&vs=Autore,,,,,ALIM,5222.0,
129,Decretalium,latin,Gregory IX_ Decretals I.txt,,texte religieux,1234,1250,13th century,,,,https://thelatinlibrary.com/gregdecretals1.html,,,,,The latin library,109141.0,
130,Ars arengandi,latin,Iacobus de Dinanto - Ars Arengandi.txt,,traité de littérature,1201,1300,13th century,,,,http://www.alim.dfll.univr.it/alim/letteratura.nsf/(volumiID)/4E2880A180EC9D51C12572FE0059033C!opendocument&vs=Autore,Ars Arengandi.xml,,,,ALIM,3975.0,
131,Comentum Tullii,latin,Iacobus de Dinanto - Comentum Tullii.txt,,traité de littérature,1291,1300,13th century,,,,http://www.alim.dfll.univr.it/alim/letteratura.nsf/(volumiID)/256EBD911B3EE00BC1256C2700300C67!opendocument&vs=Autore,Comentum Tullii.xml,,,,ALIM,11994.0,
132,Chronica civitatis Ianuensis,latin,Iacobus de Varagine - Chronica civitatis Ianuensis.txt,,chronique,1201,1300,13th century,,,,http://www.alim.dfll.univr.it/alim/letteratura.nsf/(volumiID)/2258160271C86CABC1256EB200313D85!opendocument&vs=Autore,,,,,ALIM,53623.0,
133,Liber Kalilae et Dimnae,latin,Liber Kalilae et Dimnae.txt,translation,didactique,1270,1300,13th century,,,,https://www.hs-augsburg.de/~harsch/Chronologia/Lspost13/Kalila/kal_kdp1.html,,,,,Bibliotheca augustana,30394.0,
134,Magna carta,latin,Magna Carta_1215.txt,,,1215,1215,13th century,,,,https://thelatinlibrary.com/magnacarta.html,,,,,The latin library,3697.0,
135,De Latinae linguae reparatione,latin,Marcus Antonius Sabellicus - De latinae linguae reparatione.txt,,traité de littérature,1401,1500,15th century,,,,http://www.alim.dfll.univr.it/alim/letteratura.nsf/(volumiID)/D811F246124457CEC1257A3C002FB95F!opendocument&vs=Autore,,,,,ALIM,9087.0,
136,  Testamentum de Petrarca,latin,petrarca_testamentum.txt,,texte non littéraire - testament,1201,1300,13th century,,,,http://www.bibliotecaitaliana.it/scheda/bibit000928,petrarca_testamentum.xml,,,,Biblioteca italiana,1921.0,
137,Facetiae ,latin,poggio_Facetiae.txt,,nouvelle,1401,1499,15th century,,,,http://www.bibliotecaitaliana.it/scheda/bibit001358,poggio_Facetiae.xml,,,,Biblioteca italiana,33248.0,
138,Monarchia (liber primus),latin,De_monarchia.txt,translation,traité de philosophie morale,1313,1320,14th century,,,,https://www.thelatinlibrary.com/dante/mon1.shtml,monarchia.xml,,,,Biblioteca italiana,19621.0,
139,De vulgari eloquentia ,latin,Dante_ De Vulgari Eloquentia I.txt,,,1301,1305,14th century,,,,http://www.bibliotecaitaliana.it/scheda/bibit000018,devulgareeloq..xml,,,,Biblioteca italiana,6030.0,
140,De Imitatione Christi,latin,ThomasKempis_I_14-15siece.txt,,,1401,1450,15th century,,,,https://www.thelatinlibrary.com/kempis/kempis1.shtml,,,,,The latin library,8625.0,
141,Medieval devotional prose i,anglais,royward-0170.txt,,texte religieux,1200,1299,12th to 13th century,manuscript,,,https://ota.bodleian.ox.ac.uk/repository/xmlui/handle/20.500.12024/0170,,,ota:0170,,OTA,4851.0,
142,Medieval devotional prose ii,anglais,roymarg-0170.txt,,texte religieux,1200,1299,12th to 13th century,manuscript,,,https://ota.bodleian.ox.ac.uk/repository/xmlui/handle/20.500.12024/0170,,,ota:0170,,OTA,9049.0,
143,Mediaeval devotional prose iii,anglais,roykath-0170.txt,,traité religieux,1200,1299,12th to 13th century,manuscript,,,https://ota.bodleian.ox.ac.uk/repository/xmlui/handle/20.500.12024/0170,,,ota:0170,,OTA,10365.0,
144,Mediaeval devotional prose iv,anglais,royjuli-0170.txt,,traité religieux,1200,1299,12th to 13th century,manuscript,,,https://ota.bodleian.ox.ac.uk/repository/xmlui/handle/20.500.12024/0170,,,    ota:0170,,OTA,6461.0,
145,Mediaeval devotional prose v,anglais,bodmarg-0170.txt,,traité religieux,1200,1299,12th to 13th century,manuscript,,,https://ota.bodleian.ox.ac.uk/repository/xmlui/handle/20.500.12024/0170,,,    ota:0170,,OTA,8565.0,
146,Mediaeval devotional prose vj,anglais,bodkath-0170.txt,,traité religieux,1200,1299,12th to 13th century,manuscript,,,https://ota.bodleian.ox.ac.uk/repository/xmlui/handle/20.500.12024/0170,,,ota:0170,,OTA,8955.0,
147,Mediaeval devotional prose vjj,anglais,bodhali-0170.txt,,,1200,1300,12th to 13th century,,,,https://ota.bodleian.ox.ac.uk/repository/xmlui/handle/20.500.12024/0170,,,    ota:0170,,OTA,8842.0,
148,"The Sayings of St Bernard, Auchinleck ms",anglais,stbernard.txt,,traité religieux,1330,1330,14th century,manuscript," National Library of Scotland , Adv MS 19.2.1",,https://ota.bodleian.ox.ac.uk/repository/xmlui/handle/20.500.12024/2493,bernard.xml,, ota:2493,,OTA,268.0,
149,"Alphabetical Praise of Women, The Auchinleck Manuscript",anglais,praisewoman.txt,,traité de philosophie morale,1330,1330,14th century,manuscript,,,https://auchinleck.nls.uk/mss/abc.html,abc.xml,,ota:2493,,OTA,1894.0,
150,Treatise on The Astrolabe : addressed to his son Lowys / by Geoffrey Chaucer,anglais,Treatise on The Astrolabe _ addressed to his son Lowys _ by Geoffrey Chaucer ; edited from the earliest MSS. by Walter W. Skeat _ Corpus of Middle English Prose and Verse _ University of Michigan Library Digital Collections.txt,,didactique,1391,1391,14th century,manuscript,,,https://quod.lib.umich.edu/c/cme/ChaucerAstr,,,,,Corpus of Middle English Prose and Verse,18062.0,
151,Prose life of Alexander,anglais,Prose life of Alexander _ edited by J.S. Westlake _ Corpus of Middle English Prose and Verse _ University of Michigan Library Digital Collections..txt,,roman,1301,1400,14th century,manuscript,,,https://quod.lib.umich.edu/c/cme/PLAlex?rgn=main;view=fulltext,,,,,Corpus of Middle English Prose and Verse,47864.0,
152,The storie of Asneth ,anglais,The storie of Asneth _ an unknown Middle English translation of a lost Latin version _ [ed. Henry Noble MacCracken]. _ Corpus of Middle English Prose and Verse _ University of Michigan Library Digital Collections.txt,translation,roman allégorique,1390,1420,14th to 15th century,manuscript,,,https://quod.lib.umich.edu/c/cme/CME00110?rgn=main;view=fulltext,,,,,Corpus of Middle English Prose and Verse,14356.0,
153,"Lanfrank's ""Science of cirurgie""",anglais,"Lanfrank's _Science of cirurgie_. Edited from the Bodleian Ashmole ms. 1396 (ab. 1380 A.D.) and the British museum Additional ms. 12,056 (ab. 1420 A.D.) by Robert V. Fleischhacker, DR. PHIL. Part I--Text._CorpusofMiddleEnglishProseandVerse_txt",,didactique,1380,1420,14th to 15th century,,,,https://quod.lib.umich.edu/c/cme/AHA2727?rgn=main;view=fulltext,,,,,Corpus of Middle English Prose and Verse,182373.0,
154,Blickling Hall,anglais,blicklingt.txt,,texte religieux,1201,1224,13th century,manuscript,"Private: Blickling Hall, Norfolk 6864",,http://amc.ppls.ed.ac.uk/laeme/doc.html?doc=blicklingt,blicklingt.xml,,laeme_183,,LAEME,99.0,
155,chertseyt,anglais,,original redaction,charte,1201,1299,13th century,manuscript,"London, British Library, Cotton Vitellius A xiii",184,http://amc.ppls.ed.ac.uk/laeme/doc.html?doc=chertseyt,chertseyt.xml,"Text goes back, at one or more removes, to an Old English (pre-Conquest) original.  (in LAEME)",,,LAEME,681.0,
156,cleoarat,anglais,,,didactique et spiritualité,1225,1249,13th century,,"London, British Library, Cotton Cleopatra C vi, entry 1",,http://amc.ppls.ed.ac.uk/laeme/doc.html?doc=cleoarat,cleoarat.xml,,273,,LAEME,13397.0,
157,credionat,anglais,,,texte religieux,1275,1299,13th century,manuscript,"London, British Library, Cotton Roll ii.11, entry 1",,http://amc.ppls.ed.ac.uk/laeme/doc.html?doc=creditonat,creditonat.xml,,,,LAEME,385.0,
158,huntproct,anglais,,,texte non littéraire,1250,1274,13th century,manuscript,"Kew, The National Archives, C66/73 (Patent Roll 43 Henry III), membr. 15 item 40",,http://amc.ppls.ed.ac.uk/laeme/doc.html?doc=huntproct,huntproct.xml,,,,LAEME,324.0,
159,lamursnt,anglais,,,texte religieux,1201,1224,13th century,manuscript,"London, Lambeth Palace Library 487, entry 4",,http://amc.ppls.ed.ac.uk/laeme/doc.html?doc=lamursnt,lamursnt.xml,,,,LAEME,1168.0,
160, The Red Book of Thorney Abbey,anglais,,,texte non littéraire,1301,1349,14th century,,"Cambridge University Library, Additional 3020",,http://amc.ppls.ed.ac.uk/laeme/doc.html?doc=thorneymt,thorneymt.xml,,,,LAEME,151.0,
161,merton,anglais,,,spiritualité,1325,1349,14th century,manuscript," Oxford, Merton College 248",,http://amc.ppls.ed.ac.uk/laeme/doc.html?doc=merton248t,merton248t.xml,,,,LAEME,2242.0,
162, thystorye of the noble ryght valyaunt ,anglais,"Here begynneth thystorye of the noble ryght valyaunt [and] worthy knyght Parys, and of the fayr Vye[n]ne the daulphyns doughter of vyenneys the whyche sufferd many aduersytees bycause of theyr true loue or they coude enioye the effect therof of eche.txt",translation,roman chevalerie,1485,1485,15th century,incunable,,,https://quod.lib.umich.edu/e/eebo/A08927.0001.001?rgn=main;view=fulltext,,,,,The Corpus of Middle English Prose and Verse,34437.0,
163,"Lo libre dell nudriment he de la cura dells ocels, los quals se pertanyen ha cassa ",catalan,LIBRE-DELL-NUDRIMENT.txt,,traité de chasse,1350,1400,14th century,manuscript,"Paris, BNF, esp 212",ff. 109v-112 ,https://www.aic.uva.es/clasicos/epistola/epistola-paris.html,,https://archivesetmanuscrits.bnf.fr/ark:/12148/cc348211,,,Archivo Iberoamericano de Cetrería,3563.0,
164,Tractat per l'art de la caça,catalan,Tractat-caça.txt,,traité de chasse,1480,1515,15th to 16th century,manuscript,bibliotheque privee  de Joan Pau Par Raquell o Ragull,folios 12v26r,https://www.aic.uva.es/clasicos/arturo/arturo-texto.html,,https://sci-hub.se/10.1075/rein.25.07mas,,,Archivo Iberoamericano de Cetrería,3434.0,
165," Cartes de Francesc Eiximenis - Epístola a l’infant Martí, duc de Montblanc",catalan,Eximenis_carta.txt,original redaction,lettre,1396,1396,14th century,manuscript,Arxiu de la Corona d'Aragó,,https://www.narpan.net/ben/indexautografs.htm,,,,,Biblioteca electrònica del NARPAN,2169.0,
166,Iugurta ,catalan,Jugurta-catalano-cap.31.txt,translation,,1301,1399,14th century,manuscript,,,https://www.narpan.net/ben/indexjugurta.htm,,,,,Biblioteca electrònica del NARPAN,11301.0,
167,Tirant lo Blanc,catalan,tiranlotblanc.txt,original redaction,roman chevalerie,1459,1482,15th century,manuscript,"Arxiu de la Diputació de València,  Fons Duquessa d'Almodóvar, e.4.1; caixa 15. ",1f,https://www.cervantesvirtual.com/portales/joanot_martorell_i_el_tirant_lo_blanc/obra-visor/tirant-lo-blanc-full-manuscrit--0/html/ffae3afc-82b1-11df-acc7-002185ce6064_6.html,,https://www.cervantesvirtual.com/portales/joanot_martorell_i_el_tirant_lo_blanc/obra-visor/tirant-lo-blanc-full-manuscrit--0/html/ffae3afc-82b1-11df-acc7-002185ce6064_2.html,,,Cervantes virtual -portal Joanot Martorell ,505.0,
168,"Felip de Farrera, ciutadà de Barcelona, fa testament i nomena hereva universal la seva muller Serena",catalan,Felip de Farrera-testament-1425.txt,original redaction,texte non littéraire - testament,1424,1425,15th century,,,,https://www.ub.edu/llulldb/bibliografia/5599,,"https://publicacions.iec.cat/repository/pdf/00000006/00000029.pdf
p. 301-3",,,Base de dades Ramon Llull,1242.0,
169,Tirant lo Blanch,catalan,tirantelblanc-1490.txt,original redaction,roman chevalerie,1490,1490,15th century,incunable,,,https://www.cervantesvirtual.com/portales/joanot_martorell_i_el_tirant_lo_blanc/obra-visor/tirant-lo-blanc/html/0347d47a-abd1-4add-8177-fb1c29a95b22_2.html#I_4_,," texte d'apres : Tirant lo Blanc / Edició millorada amb enllaços creuats amb l'exemplar NY1 de l'editio princeps de 1490 i revisada per Llúcia Martín, 2010",,,cervantes virtual - portal Joanot Martorell,4569.0,
170,"Chronica o comentaris del gloriosissim e invictissim Rey en Jacme Primer Rey d'Aragó, de Mallorques e de Valencia compte de Barcelona e de Montpesler",catalan,ChronicaJacmePrimer.txt,original redaction,chronique,1343,1343,14th century,,,,https://www.cervantesvirtual.com/obra-visor/chronica-o-comentaris-del-gloriosssim-e-invictissim-rey-en-jacme-primer-rey-darago-de-mallorques-e-de-valencia-compte-de-barcelona-e-de-montpesler-dictada-per-aquell-en-sa-llengua-natural-de-nou-feyta-estampar-per-marian-aguilo-y-fuster--0/html/ff3f40d4-82b1-11df-acc7-002185ce6064_154.html#I_1_,,"Edició digital basada en l'edició de Barcelona, Llibrería d'Alvar Verdaguer, 1873 ",,,cervantes virtual - Historiografia a la Corona d'Aragó ,15124.0,
171,Procés inquisitorial contra Troisco Casula,catalan,Procesinquisitorial.txt,original redaction,texte non littéraire,1540,1540,16th century,manuscript,,,http://scripta-dialectologia.ub.edu/textos/proces-inquisitorial-contra-troisco-casula/,,,,,scripta,780.0,
172,Ordinacions municipals de l’Alguer,catalan,Ordinacions.txt,original redaction,texte non littéraire,1526,1526,16th century,,,,http://scripta-dialectologia.ub.edu/textos/ordinacions-municipals-de-lalguer/,,,,,scripta,790.0,
173,Despeses relatives al Sagnador de les Salines,catalan,Despeses.txt,original redaction,texte non littéraire,1373,1373,14th century,,,,http://scripta-dialectologia.ub.edu/textos/despeses-relatives-al-sagnador-de-les-salines/,,,,,scripta,570.0,
174, Greuges dels consenyors eclesiàstics,catalan,Greugeseclesiàstics.txt,original redaction,texte non littéraire,1380,1380,14th century,,,,http://scripta-dialectologia.ub.edu/textos/greuges-dels-consenyors-eclesiastics/,,,,,scripta,570.0,
175,Declaració sobre les malifetes d’en Bernat Cocorella,catalan,malifetesBernatCocorella.txt,,texte non littéraire,1410,1410,15th century,,,,http://scripta-dialectologia.ub.edu/textos/declaracio-sobre-les-malifetes-den-bernat-cocorella/,,,,,scripta,568.0,
176,Carta de Jaume I als moriscs de la Vall d'Uixó,catalan,CartaJaumeI.txt,original redaction,lettre,1250,1250,13th century,,,,https://ca.wikisource.org/wiki/Carta_de_Jaume_I_als_moriscs_de_la_Vall_d%27Uix%C3%B3_(1250),,"Fonts :
Coleccion de Documentos Inéditos para la Historia de España, por D. Miguel Salvá y D. Pedro Sainz de Baranda. Tomo XVIII. Madrid, Imprenta de la viuda de Calero, 1851, pàgs.42-50 (document XII), alhora recollit del foli 229, pàgina 2 del llibre 1r. del Real Patrimoni guardat a l'arxiu de la Bailia General de València.


",,,viquitexts,1248.0,
177,Declaració de vassallatge dels castells d'Alquer i Montclús (22-01-1291),catalan,Declaracióvassallatge.txt,original redaction,charte,1291,1291,13th century,,,,https://ca.wikisource.org/wiki/Declaraci%C3%B3_de_vassallatge_dels_castells_d%27Alquer_i_Montcl%C3%BAs_(22-01-1291),,"Fonts
Memorial histórico español: colección de documentos, opúsculos y antigüedades que publica la Real Academia de la Historia, Tomo III. Imprenta de la Real Academia de la Historia, 1852, pàgs.423-425, que ho copia de Archivo Real de la Corona de Aragón, Leg. de pergaminos del año 1291. Mes de Enero. Núm. 63.


",,,viquitext,993.0,
178,Legenda aurea - Senta Anestasia,catalan,sentaanastasia.txt,translation,hagiographie,1301,1400,14th century,manuscript,"BNF, esp. 44 ",f. 18 v-19,https://gallica.bnf.fr/ark:/12148/bpt6k19836j?rk=42918;4#,,"transcription d'apres  M. C. Chabaneau,  Revue des langues romanes , t. XIII (1878), p. 209 et suiv.

",,,,928.0,
179,Legenda aurea - Del puyament de la verge Maria en lo cel ,catalan,puyamentverge.txt,translation,hagiographie,1201,1300,13th century,manuscript,,,https://web.archive.org/web/20070928063657/http://www.lafesta.com/latramoia/papers/as00011.htm,," Edició a càrrec de Charlotte S. Maneikis Kniazzeh i Edward J. Neugaard, amb la col·laboració de Joan Coromines, Fundació Salvador Vives Casajuana, Barcelona, 1977, p. 190-203.",,,,5278.0,
180,Vides de sants rosselloneses- de sent Andreu apostol,catalan,sentandreau.txt,adaptation,hagiographie,1201,1299,13th century,,,,https://www.larramendi.es/es/consulta/registro.do?id=29495,,"Vides de sants rosselloneses / [per Jacobus de Vorágine] ; text catala del segle XIII establert, comentat i glossat per la Dra. Ch. S.M. Kniazzeh... i pel Dr. E.J. Neugaard... ; amb prefaci i aportacions de Joan Coromines",,,,5388.0,
181,Doctrina pueril ,catalan,doctrina-pueril_Ramon Llull.txt,original redaction,didactique et spiritualité,1274,1276,13th century,,"ms. 3187 de la Biblioteca de Catalunya/ ms. 605, Hisp. 61, de la Staatsbibliothek de Munic",,https://www.narpan.net/ben/indexdp.htm,,textes base sur l'edition critique  de Joan Santanach,,,Narpan,57920.0,
182,Proses mitologiques,catalan,proses-mitologiques_Correla,original redaction,didactique et spiritualité,1450,1490,15th century,manuscript,,,https://www.narpan.net/ben/indexcorella.htm,,,,"Les proses mitològiques de Joan Roís de Corella. Edició crítica"", València-Barcelona, IIFV-PAM, 2001 (Biblioteca Sanchis Guarner, 55).",Narpan,5996.0,
183,lansalot Bohigas,catalan,Lansalot-catalano-pereBohigas.txt,translation,roman chevalerie,1341,1389,14th century,manuscript,perdu,,https://publicacions.iec.cat/repository/pdf/00000150/00000087.pdf,,transcription de Pere Bohigas,,,,2258.0,
